name,height,weight,bmi
martha,1.6,85,33.20312499999999
batman,1.8,100,30.864197530864196
superman,1.85,110,32.14024835646457
